{"loss": [1.3616647720336914, 0.5014366507530212, 0.3286401927471161, 0.24135854840278625, 0.1911597102880478, 0.16728754341602325, 0.1372724026441574, 0.1209370568394661, 0.1184835135936737, 0.11142031103372574], "accuracy": [0.6013087630271912, 0.8452664017677307, 0.8977451920509338, 0.9247884154319763, 0.9415889978408813, 0.9497830867767334, 0.9596984386444092, 0.9650188684463501, 0.9672238230705261, 0.9697702527046204], "val_loss": [0.6026090383529663, 0.3596772849559784, 0.22278350591659546, 0.20893113315105438, 0.2076398879289627, 0.19115190207958221, 0.17413589358329773, 0.14737696945667267, 0.2497258484363556, 0.1645936220884323], "val_accuracy": [0.8144206404685974, 0.8882312774658203, 0.928977906703949, 0.9384816884994507, 0.938083291053772, 0.9460505247116089, 0.9540177583694458, 0.9612451791763306, 0.943375825881958, 0.9639768004417419]}